{
  "state": 200,
  "message": "Successfully",
  "data": [
    [
      4.0,
      3.0,
      0.5235987755982988,
      1.0471975511965976
    ],
    [
      10.0,
      3.0,
      0.7853981633974483,
      1.0471975511965976
    ],
    [
      4.0,
      3.0,
      -1.832595714594046,
      -1.3089969389957476
    ],
    [
      5.0,
      3.0,
      -1.5707963267948968,
      -1.3089969389957476
    ],
    [
      6.0,
      4.0,
      0.7853981633974482,
      1.3089969389957472
    ],
    [
      5.0,
      4.0,
      0.7853981633974483,
      1.5707963267948966
    ],
    [
      10.0,
      4.0,
      -2.6179938779914944,
      -2.3561944901923453
    ],
    [
      5.0,
      4.0,
      -2.6179938779914944,
      -2.094395102393196
    ],
    [
      10.0,
      7.000000000000001,
      0.5235987755982987,
      1.0471975511965976
    ],
    [
      10.0,
      7.0,
      -2.8797932657906444,
      -2.3561944901923453
    ],
    [
      10.0,
      9.0,
      0.2617993877991494,
      1.0471975511965976
    ],
    [
      10.0,
      9.0,
      3.141592653589793,
      3.926990816987241
    ]
  ]
}